{
  "0": {
    "imagenet_top1": 0.7066666666666667,
    "ade20k_miou": 0.1393218920276722,
    "nyud_rmse": 3.2627580165863037,
    "time_sec": 997.593003988266
  },
  "1": {
    "imagenet_top1": 0.9333333333333333,
    "ade20k_miou": 0.20559706223150645,
    "nyud_rmse": 1.0888392925262451,
    "time_sec": 990.9723179340363
  },
  "2": {
    "imagenet_top1": 0.9266666666666666,
    "ade20k_miou": 0.19601395750777065,
    "nyud_rmse": 1.2019239664077759,
    "time_sec": 952.7241570949554
  },
  "4": {
    "imagenet_top1": 0.9466666666666667,
    "ade20k_miou": 0.19972993587847224,
    "nyud_rmse": 0.927022397518158,
    "time_sec": 953.3742642402649
  },
  "8": {
    "imagenet_top1": 0.9466666666666667,
    "ade20k_miou": 0.20784139593354894,
    "nyud_rmse": 1.4944415092468262,
    "time_sec": 958.1446709632874
  },
  "16": {
    "imagenet_top1": 0.9533333333333334,
    "ade20k_miou": 0.20684754091167257,
    "nyud_rmse": 0.8648950457572937,
    "time_sec": 956.5624091625214
  }
}