{
  "0": {
    "imagenet_top1": 0.94,
    "ade20k_miou": 0.19411467980062677,
    "nyud_rmse": 1.1272002458572388,
    "time_sec": 2697.4545238018036
  },
  "1": {
    "imagenet_top1": 0.9533333333333334,
    "ade20k_miou": 0.19486156922670833,
    "nyud_rmse": 2.264252185821533,
    "time_sec": 975.6476330757141
  },
  "2": {
    "imagenet_top1": 0.9533333333333334,
    "ade20k_miou": 0.18910181223457354,
    "nyud_rmse": 2.8729336261749268,
    "time_sec": 999.6953601837158
  },
  "4": {
    "imagenet_top1": 0.9533333333333334,
    "ade20k_miou": 0.18525218686114828,
    "nyud_rmse": 1.6944422721862793,
    "time_sec": 941.5766801834106
  },
  "8": {
    "imagenet_top1": 0.9533333333333334,
    "ade20k_miou": 0.1925713836624514,
    "nyud_rmse": 2.0268714427948,
    "time_sec": 995.9876179695129
  },
  "16": {
    "imagenet_top1": 0.9266666666666666,
    "ade20k_miou": 0.1916548773437331,
    "nyud_rmse": 3.883945941925049,
    "time_sec": 1599.4957871437073
  }
}