{
  "0": {
    "imagenet_top1": 0.94,
    "ade20k_miou": 0.19985833674789655,
    "nyud_rmse": 2.0384600162506104,
    "time_sec": 906.6369330883026
  },
  "1": {
    "imagenet_top1": 0.9533333333333334,
    "ade20k_miou": 0.19990948940839248,
    "nyud_rmse": 3.8290295600891113,
    "time_sec": 907.8193790912628
  },
  "2": {
    "imagenet_top1": 0.9533333333333334,
    "ade20k_miou": 0.1986795439027506,
    "nyud_rmse": 2.8806354999542236,
    "time_sec": 971.1639218330383
  },
  "4": {
    "imagenet_top1": 0.9533333333333334,
    "ade20k_miou": 0.190300533065717,
    "nyud_rmse": 1.3976970911026,
    "time_sec": 945.0462341308594
  },
  "8": {
    "imagenet_top1": 0.9533333333333334,
    "ade20k_miou": 0.19978277235770056,
    "nyud_rmse": 1.4756375551223755,
    "time_sec": 972.1944160461426
  },
  "16": {
    "imagenet_top1": 0.92,
    "ade20k_miou": 0.18826744062310558,
    "nyud_rmse": 2.9475104808807373,
    "time_sec": 1235.2673268318176
  }
}