{
  "DINOv2 ViT-L/14 +tt-reg4 (Jiang)": {
    "top1": 0.9533333333333334,
    "n_train": 350,
    "n_val": 150,
    "feature_dim": 1024,
    "time_sec": 354.2203359603882
  }
}